StationId,StationName,City,Provider,Latitude,Longitude
13,"Delhi Technological University, Delhi - CPCB",,CPCB,28.744,77.12
15,IGI Airport,,CPCB,28.56,77.094
16,Civil Lines,,CPCB,28.6787,77.2262
17,"R K Puram, Delhi - DPCC",,CPCB,28.563262,77.186937
50,"Punjabi Bagh, Delhi - DPCC",,CPCB,28.674045,77.131023
103,"Income Tax Office, Delhi - CPCB",,CPCB,28.623499999999996,77.2494
235,"Anand Vihar, New Delhi - DPCC",,CPCB,28.646835,77.316032
236,"Mandir Marg, Delhi - DPCC",,CPCB,28.6341,77.2005
286,Collectorate - Gaya - BSPCB,,CPCB,24.7489694,84.9438395
301,"Vikas Sadan, Gurugram - HSPCB",,CPCB,28.4501238,77.0263051
346,"MD University, Rohtak - HSPCB",,CPCB,28.876028,76.619464
354,"Lalbagh, DN Park",,CPCB,26.84578611,80.93874444
378,Alandur Bus Depot,,CPCB,12.99711389,80.19151667
407,"Zoo Park, Hyderabad - TSPCB",,CPCB,17.349694,78.451437
412,"Peenya, Bengaluru - KSPCB",,CPCB,13.0339,77.51321111
431,"IHBAS, Delhi - CPCB",,CPCB,28.6821,77.305
594,"BTM Layout, Bengaluru - KSPCB",,CPCB,12.912811110000002,77.60921944
703,Collectorate Jodhpur - RSPCB,,CPCB,26.2920639,73.0379111111111
716,"Rabindra Bharati University, Kolkata - WBSPCB",,CPCB,22.627875,88.3804
797,City Railway Station - KSPCB,,CPCB,12.9773472,77.5706972222222
854,Chandrapur,,CPCB,19.95,79.3
860,"Sanjay Palace, Agra - UPPCB",,CPCB,27.19865833,78.00598056
910,Victoria Memorial - WBSPCB,,CPCB,22.572646,88.36389499999996
985,Collectorate - Muzaffarpur - BSPCB,,CPCB,26.0762,85.4115
2345,VK Industrial Area Jaipur - RSPCB,,CPCB,26.9738778,75.7738777777777
2456,"Talkatora District Industries Center, Lucknow - CPCB",,CPCB,26.83399722,80.8917361
2463,Central School,,CPCB,26.85272778,80.99632778
2503,"Shadipur, Delhi - CPCB",,CPCB,28.651699999999998,77.1581
2549,IIT,,CPCB,12.992513890000001,80.23744722
2583,"Sector-6, Panchkula - HSPCB ",,CPCB,30.7057778,76.8531805555555
2585,AAQMS Karve Road Pune,,CPCB,18.497484,73.81349
2586,"Manali, Chennai - CPCB",,CPCB,13.164544,80.26285
2587,"Sector16A, Faridabad - HSPCB",,CPCB,28.410122219999998,77.313775
2589,SaneguravaHalli - KSPCB,,CPCB,12.9916694,77.5458305555555
2591,Ardhali Bazar,,CPCB,25.35055556,82.97833333
2592,"BWSSB Kadabesanahalli, Bengaluru - KSPCB",,CPCB,12.93890556,77.69727222
2593,IGSC Planetarium Complex - Patna - BSPCB,,CPCB,25.3636,85.0755
2594,"Sanathnagar, Hyderabad - TSPCB",,CPCB,17.42329722,78.47469722
2595,Nehru Nagar,,CPCB,26.470308800000005,80.3251749
2596,"Solapur, Solapur - MPCB",,CPCB,17.6599188,75.9063906
2598,Navi Mumbai Municipal Corporation Airoli,,CPCB,19.1494,72.9986
5404,"Pusa, Delhi - IMD",,CPCB,28.639645,77.146263
5408,"Secretariat, Amaravati - APPCB",,CPCB,16.5150833,80.5181667
5443,"Mahakaleshwar Temple, Ujjain - MPPCB",,CPCB,23.182719,75.768218
5541,"Burari Crossing, New Delhi - IMD",,CPCB,28.7256504,77.2011573
5542,"Civil Line, Jalandhar - PPCB",,CPCB,31.321907,75.578914
5544,"Model Town, Patiala - PPCB",,CPCB,30.349388,76.366642
5546,Tata Stadium - Jorapokhar - JSPCB,,CPCB,23.707909,86.41467
5548,"BTM Layout, Bengaluru - CPCB",,CPCB,12.9135218,77.5950804
5551,"Golden Temple, Amritsar - PPCB",,CPCB,31.62,74.876512
5559,"Collectorate, Gaya - BSPCB",,CPCB,24.7955,84.9994
5565,"MIDC Khutala, Chandrapur - MPCB",,CPCB,19.9775302,79.2337086
5566,"Talcher Coalfields,Talcher - OSPCB",,CPCB,20.9360711,85.1707021
5569,"Punjab Agricultural University, Ludhiana - PPCB",,CPCB,30.9028,75.8086
5570,"Aya Nagar, New Delhi - IMD",,CPCB,28.474261,77.131606
5574,"City Railway Station, Bengaluru - KSPCB",,CPCB,12.9756843,77.5660749
5576,"Moti Doongri, Alwar - RSPCB",,CPCB,27.554793,76.611536
5585,"Ashok Nagar, Udaipur - RSPCB",,CPCB,24.5886166,73.6321397
5586,"Sirifort, Delhi - CPCB",,CPCB,28.5504249,77.2159377
5587,"Collectorate, Jodhpur - RSPCB",,CPCB,26.268249,73.0193853
5588,"RIICO Ind. Area III, Bhiwadi - RSPCB",,CPCB,28.194909,76.862296
5590,"Ardhali Bazar, Varanasi - UPPCB",,CPCB,25.3505986,82.9083074
5592,"Gangapur Road, Nashik - MPCB",,CPCB,20.0073285,73.7762427
5594,"Muzaffarpur Collectorate, Muzaffarpur - BSPCB",,CPCB,26.1209,85.3647
5598,"Sector - 125, Noida, UP - UPPCB",,CPCB,28.5447608,77.3231257
5599,"Bollaram Industrial Area, Hyderabad - TSPCB",,CPCB,17.540891,78.358528
5602,"Asansol Court Area, Asansol - WBPCB",,CPCB,23.685297,86.945968
5603,"Sector-2 Industrial Area, Pithampur - MPPCB",,CPCB,22.624758,75.675238
5607,"Peenya, Bengaluru - CPCB",,CPCB,13.0270199,77.494094
5608,"GM Office, Brajrajnagar - OSPCB",,CPCB,21.8004996,83.8396977
5609,"Anam Kala Kendram, Rajamahendravaram - APPCB",,CPCB,16.9872867,81.7363176
5610,"North Campus, DU, Delhi - IMD",,CPCB,28.6573814,77.1585447
5612,"Shastri Nagar, Jaipur - RSPCB",,CPCB,26.9502929,75.730943
5613,"ITO, New Delhi - CPCB",,CPCB,28.628624,77.24106
5614,"Padmapukur, Howrah - WBPCB",,CPCB,22.5687319,88.2797276
5615,"Sidhu Kanhu Indoor Stadium, Durgapur - WBPCB",,CPCB,23.5404352,87.2892225
5616,"Sector - 62, Noida, UP - IMD",,CPCB,28.6245479,77.3577104
5619,"Vindhyachal STPS, Singrauli - MPPCB",,CPCB,24.10897,82.64558
5621,"Opp GPO Civil Lines, Nagpur - MPCB",,CPCB,21.152875,79.0517531
5622,"NSIT Dwarka, Delhi - CPCB",,CPCB,28.60909,77.0325413
5623,"Central University, Hyderabad - TSPCB",,CPCB,17.460103,78.334361
5624,"IDA Pashamylaram, Hyderabad - TSPCB",,CPCB,17.5316895,78.218939
5625,"RIMT University, Mandi Gobindgarh - PPCB",,CPCB,30.649961,76.331442
5626,"DTU, New Delhi - CPCB",,CPCB,28.7500499,77.1112615
5627,"CRRI Mathura Road, New Delhi - IMD",,CPCB,28.5512005,77.2735737
5628,"GVM Corporation, Visakhapatnam - APPCB",,CPCB,17.722682,83.308197
5630,"Shadipur, Delhi - CPCB",,CPCB,28.6514781,77.1473105
5631,"Maninagar, Ahmedabad - GPCB",,CPCB,23.002657,72.591912
5632,"Sector-D Industrial Area, Mandideep - MPPCB",,CPCB,23.10844,77.511428
5633,"Police Commissionerate, Jaipur - RSPCB",,CPCB,26.9164092,75.7994901
5634,"Lodhi Road, New Delhi - IMD",,CPCB,28.5918245,77.2273074
5635,"Adarsh Nagar, Jaipur - RSPCB",,CPCB,26.902909,75.836858
5636,"Shrinath Puram, Kota - RSPCB",,CPCB,25.14389,75.821256
5638,"Indira Colony Vistar, Pali - RSPCB",,CPCB,25.771061,73.340227
5642,"More Chowk Waluj, Aurangabad - MPCB",,CPCB,19.8389439,75.244448
5644,"Sanegurava Halli, Bengaluru - KSPCB",,CPCB,12.990328,77.5431385
5645,"ICRISAT Patancheru, Hyderabad - TSPCB",,CPCB,17.5184,78.278777
5646,"Plammoodu, Thiruvananthapuram - Kerala PCB",,CPCB,8.5149093,76.9435879
5647,"Sanathnagar, Hyderabad - TSPCB",,CPCB,17.4559458,78.4332152
5648,"Ward-32 Bapupara, Siliguri - WBPCB",,CPCB,26.6883049,88.412668
5649,"Tirumala, Tirupati - APPCB",,CPCB,13.67,79.35
5650,"IGI Airport (T3), Delhi - IMD",,CPCB,28.5627763,77.1180053
5652,"IGSC Planetarium Complex, Patna - BSPCB",,CPCB,25.5941,85.1376
5655,"Velachery Res. Area, Chennai - CPCB",,CPCB,13.0052189,80.2398125
5659,"Lalbagh, Lucknow - CPCB",,CPCB,26.8458805,80.9365541
5661,"Karve Road Pune, Pune - MPCB",,CPCB,18.5011743,73.8165527
5662,"Nehru Nagar, Kanpur - UPPCB",,CPCB,26.4703136,80.3229863
5665,"Vasundhara, Ghaziabad - UPPCB",,CPCB,28.6603346,77.3572563
5667,"Bhopal Chauraha, Dewas - MPPCB",,CPCB,22.9682591,76.064118
6356,"Pusa, Delhi - DPCC",,CPCB,28.639645,77.146262
6358,"Mandir Marg, New Delhi - DPCC",,CPCB,28.636429,77.201067
6359,"IHBAS, Dilshad Garden,New Delhi - CPCB",,CPCB,28.6811736,77.3025234
6442,"Ratanpura, Rupnagar - Ambuja Cements",,CPCB,31.0325454,76.5623046
6443,"Bandhavgar Colony, Satna - Birla Cement",,CPCB,24.58434363,80.8549414
6923,"New Mandi, Muzaffarnagar - UPPCB",,CPCB,29.4723508,77.7194031
6924,"Indirapuram, Ghaziabad - UPPCB",,CPCB,28.646233,77.358075
6927,"Colaba, Mumbai - MPCB",,CPCB,18.91,72.82
6928,"Vasai West, Mumbai - MPCB",,CPCB,19.3832,72.8204
6929,"Major Dhyan Chand National Stadium, Delhi - DPCC",,CPCB,28.611281,77.237738
6930,"Gobind Pura, Yamuna Nagar - HSPCB",,CPCB,30.1480566,77.2893471
6931,"Dwarka-Sector 8, Delhi - DPCC ",,CPCB,28.5710274,77.0719006
6932,"Alipur, Delhi - DPCC",,CPCB,28.815329,77.15301
6933,"Shasthri Nagar, Ratlam - IPCA Lab",,CPCB,23.331731,75.045981
6934,"Dr. Karni Singh Shooting Range, Delhi - DPCC",,CPCB,28.498571,77.26484
6935,"Urban Estate-II, Hisar - HSPCB",,CPCB,29.14056,75.744941
6936,"Arya Nagar, Bahadurgarh - HSPCB",,CPCB,28.6701,76.9254
6937,"Sector-10, Gandhinagar - GPCB",,CPCB,23.221714,72.654328
6938,"Vivek Vihar, Delhi - DPCC",,CPCB,28.672342,77.31526
6939,"Hardev Nagar, Bathinda - PPCB",,CPCB,30.233011,74.907758
6940,"Kalal Majra, Khanna - PPCB",,CPCB,30.736056,76.209694
6942,"Phase-4 GIDC, Vatva - GPCB",,CPCB,22.969611,72.6435
6943,"Mahape, Navi Mumbai - MPCB",,CPCB,19.1135051,73.008978
6944,"H.B. Colony, Bhiwani - HSPCB",,CPCB,28.806223,76.141105
6945,"Kurla, Mumbai - MPCB",,CPCB,19.0863,72.8888
6946,"Belur Math, Howrah - WBPCB",,CPCB,22.629801,88.352017
6947,"General Hospital, Mandikhera - HSPCB",,CPCB,27.9002,76.9938
6948,"Chhatrapati Shivaji Intl. Airport (T2), Mumbai - MPCB",,CPCB,19.10078,72.87462
6949,"Municipal Corporation Office, Dharuhera -  HSPCB",,CPCB,28.2068,76.7997
6950,"Jadavpur, Kolkata - WBPCB",,CPCB,22.49929,88.36917
6951,"Murthal, Sonipat - HSPCB",,CPCB,29.0272,77.0621
6952,"F-Block, Sirsa - HSPCB",,CPCB,29.5364,75.0158
6953,"Sector-2 IMT, Manesar - HSPCB",,CPCB,28.360699,76.93609
6954,"Chikkaballapur Rural, Chikkaballapur - KSPCB",,CPCB,13.428828,77.731418
6955,"Lal Bahadur Shastri Nagar, Kalaburagi - KSPCB",,CPCB,17.321993,76.822628
6956,"Powai, Mumbai - MPCB",,CPCB,19.1375,72.915056
6957,"Jawaharlal Nehru Stadium, Delhi - DPCC",,CPCB,28.58028,77.233829
6958,"Sector-18, Panipat - HSPCB",,CPCB,29.435587,76.975531
6959,"Siddharth Nagar-Worli, Mumbai - IITM",,CPCB,19.000083,72.813993
6960,"Patparganj, Delhi - DPCC",,CPCB,28.623748,77.287205
6961,"Shrivastav Colony, Damoh - MPPCB",,CPCB,23.81748678,79.446246
6962,"GIDC, Ankleshwar - GPCB",,CPCB,21.613267,73.010555
6963,"Police Lines, Jind - HSPCB",,CPCB,29.307814,76.337619
6964,"Patti Mehar, Ambala - HSPCB",,CPCB,30.379589,76.778328
6965,"Borivali East, Mumbai - MPCB",,CPCB,19.227474,72.864394
6966,"Udyogamandal, Eloor - Kerala PCB",,CPCB,10.073232,76.302765
6967,"Sion, Mumbai - MPCB",,CPCB,19.047,72.8746
6968,"Phase-1 GIDC, Vapi - GPCB",,CPCB,20.362421,72.918013
6969,"Huda Sector, Fatehabad - HSPCB",,CPCB,29.503664,75.467934
6970,"Shastri Nagar, Narnaul - HSPCB",,CPCB,28.060249,76.113115
6971,"Rishi Nagar, Kaithal - HSPCB",,CPCB,29.8006,76.4155
6972,"Nathu Colony, Ballabgarh - HSPCB",,CPCB,28.3419248,77.319699
6973,"Jayanagar 5th Block, Bengaluru - KSPCB",,CPCB,12.920984,77.584908
6974,"Bapuji Nagar, Bengaluru - KSPCB",,CPCB,12.951913,77.539784
6975,"Silk Board, Bengaluru - KSPCB",,CPCB,12.917348,77.622813
6976,"Jai Bhim Nagar, Meerut - UPPCB",,CPCB,28.9535882,77.7622941
6978,"Knowledge Park - III, Greater Noida - UPPCB",,CPCB,28.47272,77.482
6980,"Sector-1, Noida - UPPCB",,CPCB,28.589247,77.321962
6981,"Fort William, Kolkata - WBPCB",,CPCB,22.55664,88.342674
6982,"Deshpande Nagar, Hubballi - KSPCB",,CPCB,15.351773,75.140726
6983,"Hombegowda Nagar, Bengaluru - KSPCB",,CPCB,12.938539,77.5901
6984,"Hebbal, Bengaluru - KSPCB",,CPCB,13.029152,77.585901
6985,"Yamunapuram, Bulandshahr - UPPCB",,CPCB,28.406963,77.849831
6986,"Knowledge Park - V, Greater Noida - UPPCB",,CPCB,28.557054,77.453663
6987,"Vile Parle West, Mumbai - MPCB",,CPCB,19.10861,72.83622
6988,"Sector-116, Noida - UPPCB",,CPCB,28.56923,77.393848
7005,"Loni, Ghaziabad - UPPCB",,CPCB,28.757294,77.278792
7140,"Gomti Nagar, Lucknow - UPPCB",,CPCB,26.86812,81.005119
7280,"Shyam Nagar, Palwal - HSPCB",,CPCB,28.1485564,77.3320667
7282,"Sector-7, Kurukshetra - HSPCB",,CPCB,29.966942,76.875879
7283,"MD University, Rohtak - HSPCB",,CPCB,28.87793,76.620825
7289,"Hebbal 1st Stage, Mysuru - KSPCB",,CPCB,12.21041,76.37376
7292,"Chhoti Gwaltoli, Indore - MPPCB",,CPCB,22.431,75.5213
7494,"SFTI Kusdihra, Gaya - BSPCB",,CPCB,24.762518,84.982348
7495,"DRM Office Danapur, Patna - BSPCB",,CPCB,25.586562,85.043586
7720,"Pallavpuram Phase 2, Meerut - UPPCB",,CPCB,29.06351,77.709723
7752,"Khadakpada, Kalyan - MPCB",,CPCB,19.25292,73.142019
7833,"Ganga Nagar, Meerut - UPPCB",,CPCB,28.999264,77.7590354
7880,"Sikulpuikawn, Aizawl - Mizoram PCB",,CPCB,23.7176342,92.7192841
7901,"Corporation Ground, Thrissur- Kerala PCB",,CPCB,10.522198,76.24085
7979,"Deen Dayal Nagar, Sagar - MPPCB",,CPCB,23.8640158,78.80289321
8035,"Ibrahimpur, Vijayapura - KSPCB",,CPCB,16.802639,75.722694
8153,"Urban, Chamarajanagar - KSPCB",,CPCB,11.55358,76.55521
8171,"GIDC, Nandesari - Nandesari Ind. Association",,CPCB,22.410802,73.097923
8190,"Kariavattom, Thiruvananthapuram - Kerala PCB",,CPCB,8.5637,76.8865
8235,"Jahangirpuri, Delhi - DPCC",,CPCB,28.73282,77.170633
8239,"Okhla Phase-2, Delhi - DPCC",,CPCB,28.530785,77.271255
8245,"Gole Bazar, Katni - MPPCB",,CPCB,23.50016,80.23284
8319,"Anand Vihar, Hapur - UPPCB",,CPCB,28.725645,77.749675
8365,"Nehru Nagar, Delhi - DPCC",,CPCB,28.56789,77.250515
8472,"Bawana, Delhi - DPCC",,CPCB,28.7762,77.051074
8475,"Sonia Vihar, Delhi - DPCC",,CPCB,28.710508,77.249485
8914,"SIDCO Kurichi, Coimbatore - TNPCB",,CPCB,10.942451,76.978996
8915,"Wazirpur, Delhi - DPCC",,CPCB,28.699793,77.165453
8917,"Ashok Vihar, Delhi - DPCC",,CPCB,28.695381,77.181665
10484,"Sri Aurobindo Marg, Delhi - DPCC",,CPCB,28.531346,77.190156
10485,"Narela, Delhi - DPCC",,CPCB,28.822836,77.101981
10486,"Mundka, Delhi - DPCC",,CPCB,28.684678,77.076574
10488,"Najafgarh, Delhi - DPCC",,CPCB,28.570173,76.933762
10537,"Vidayagiri, Bagalkot - KSPCB",,CPCB,16.172806,75.659694
10545,"Civil Lines, Ajmer - RSPCB",,CPCB,26.470859,74.646594
10599,"Rajbansi Nagar, Patna - BSPCB",,CPCB,25.599486,85.113666
10630,"Govt. High School Shikarpur, Patna - BSPCB",,CPCB,25.592539,85.227158
10633,"Victoria, Kolkata - WBPCB",,CPCB,22.5448082,88.3403691
10645,"Industrial Area, Hajipur - BSPCB",,CPCB,25.697189,85.2459
10670,"Muradpur, Patna - BSPCB",,CPCB,25.619651,85.147382
10697,"Samanpura, Patna - BSPCB",,CPCB,25.596727,85.085624
10725,"Mini Secretariat, Charkhi Dadri - HSPCB",,CPCB,28.593883,76.270653
10747,"Thavakkara, Kannur - Kerala PCB",,CPCB,11.875,75.3732
10780,"Manali Village, Chennai - TNPCB",,CPCB,13.1662,80.2584
10820,"Sector 30, Faridabad - HSPCB",,CPCB,28.4417,77.3217
10823,"Buddha Colony, Muzaffarpur - BSPCB",,CPCB,26.11442,85.39813
10825,"Sector-51, Gurugram - HSPCB",,CPCB,28.4227,77.0667
10831,"Rohini, Delhi - DPCC",,CPCB,28.732528,77.11992
10844,"Ghusuri, Howrah - WBPCB",,CPCB,22.611968,88.347422
10851,"Bidhannagar, Kolkata - WBPCB",,CPCB,22.58157048,88.41002457
10895,"Lumpyngngad, Shillong - Meghalaya PCB",,CPCB,25.5586,91.8985
10900,"Teri Gram, Gurugram - HSPCB",,CPCB,28.4275,77.1465
10901,"PWD Juction, Kohima - NPCB",,CPCB,25.6635413,94.0989878
10902,"Kalyana Nagara, Chikkamagaluru - KSPCB",,CPCB,13.328028,75.797056
10903,"Railway Colony, Guwahati - APCB",,CPCB,26.181742,91.78063
10904,"Rabindra Sarobar, Kolkata - WBPCB",,CPCB,22.51106,88.35142
10907,"City Center, Gwalior - MPPCB",,CPCB,26.203442,78.193251
10908,"Sector 11, Faridabad - HSPCB",,CPCB,28.376058,77.315741
10909,"Vijay Nagar, Ramanagara - KSPCB",,CPCB,12.733409,77.298051
10910,"Sector-12, Karnal - HSPCB",,CPCB,29.6953,77.0027
10911,"Marhatal, Jabalpur - MPPCB",,CPCB,23.168606,79.932247
10912,"Phool Bagh, Gwalior - Mondelez Ind. Food",,CPCB,26.210536,78.171
10913,"T T Nagar, Bhopal - MPPCB",,CPCB,23.233584,77.400574
10914,"Sector-25, Chandigarh - CPCC",,CPCB,30.751462,76.762879
10915,"Polayathode, Kollam - Kerala PCB",,CPCB,8.8787,76.6073
10917,"Sahilara, Maihar - KJS Cements",,CPCB,24.2613009,80.7231783
10918,"Ballygunge, Kolkata - WBPCB",,CPCB,22.5367507,88.3638022
10919,"Sanjay Nagar, Ghaziabad - UPPCB",,CPCB,28.685382,77.453839
10920,"New Industrial Town, Faridabad - HSPCB",,CPCB,28.39072,77.30059
10921,"NISE Gwal Pahari, Gurugram - IMD",,CPCB,28.422681,77.148944
11577,"Vinoba Nagara, Shivamogga - KSPCB",,CPCB,13.94,75.555917
11578,"Royapuram, Chennai - TNPCB",,CPCB,13.1036,80.2909
11579,"Kodungaiyur, Chennai - TNPCB",,CPCB,13.1278,80.2642
11580,"Meelavittan, Thoothukudi - TNPCB",,CPCB,8.816428,78.099039
11581,"Arumbakkam, Chennai - TNPCB",,CPCB,13.0664,80.2112
11582,"Stuart Hill, Madikeri - KSPCB",,CPCB,12.415911,75.73505
11603,"Chandni Chowk, Delhi - IITM",,CPCB,28.656756,77.227234
11606,"Borivali East, Mumbai - IITM",,CPCB,19.23241,72.86895
11607,"Lodhi Road, Delhi - IITM",,CPCB,28.588333,77.221667
11609,"Mhada Colony, Pune - IITM",,CPCB,18.57304,73.927715
11610,"Transport Nagar-Nigdi, Pune - IITM",,CPCB,18.664282,73.763966
11611,"Malad West, Mumbai - IITM",,CPCB,19.19709,72.82204
11613,"Revenue Colony-Shivajinagar, Pune - IITM",,CPCB,18.530085,73.849598
12024,"Chakala-Andheri East, Mumbai - IITM",,CPCB,19.11074,72.86084
12039,"Khindipada-Bhandup West, Mumbai - IITM",,CPCB,19.164394,72.928297
12040,"Mulund West, Mumbai - MPCB",,CPCB,19.175,72.9419
12041,"Diwator Nagar, Koppal - KSPCB",,CPCB,15.34763,76.181767
12042,"Alandi, Pune - IITM",,CPCB,18.675076,73.892743
12043,"Haji Colony, Raichur - KSPCB",,CPCB,16.208139,77.348417
12044,"Kandivali East, Mumbai - MPCB",,CPCB,19.2058,72.8682
12046,"Perungudi, Chennai - TNPCB",,CPCB,12.9533,80.2357
42240,"Pan Bazaar, Guwahati - APCB",,CPCB,26.1875,91.744194
44513,"Kadri, Mangalore - KSPCB",,CPCB,12.88925,74.853
44514,"Naubad, Bidar - KSPCB",,CPCB,17.930306,77.482194
44515,"Panchal Nagar, Gadag - KSPCB",,CPCB,15.411456,75.638133
45008,"Anthoni Pillai Nagar, Gummidipoondi - TNPCB",,CPCB,13.4127,80.1081
60656,"Tamaka Ind. Area, Kolar - KSPCB",,CPCB,13.1276288,78.1570122
60657,"Devaraj Urs Badavane, Davanagere - KSPCB",,CPCB,14.4758,75.9052
60658,"Hadapsar, Pune - IITM",,CPCB,18.501793,73.927532
60659,"Jawahar Nagar, Puducherry - PPCC",,CPCB,11.9309,79.8027
220265,"Rajbagh, Srinagar - JKSPCB",,CPCB,34.06621,74.81982
220353,"Brahmagiri, Udupi - KSPCB",,CPCB,13.34194,74.74694
223146,"Naharlagun, Naharlagun - APSPCB",,CPCB,27.103358,93.679645
227384,"Jhunsi, Prayagraj - UPPCB",,CPCB,25.425601999999998,81.917152
227386,"B R Ambedkar University, Lucknow - UPPCB",,CPCB,26.766433000000003,80.927299
227387,"Motilal Nehru NIT, Prayagraj - UPPCB",,CPCB,25.494,81.863
227533,"Rakhial, Ahmedabad - IITM",,CPCB,23.016834,72.625775
227534,"Gyaspur, Ahmedabad - IITM",,CPCB,22.977134,72.553024
227535,"Manoharpur, Agra - UPPCB",,CPCB,27.237109999999998,78.01935999999999
227536,"Chandkheda, Ahmedabad - IITM",,CPCB,23.107969,72.574648
227931,"Sector-3B Avas Vikas Colony, Agra - UPPCB",,CPCB,27.19412,77.96236999999999
228297,"SVPI Airport Hansol, Ahmedabad - IITM",,CPCB,23.076793,72.627874
228298,"Sardar Vallabhbhai Patel Stadium, Ahmedabad - IITM",,CPCB,23.04307,72.56296800000001
228300,"SAC ISRO Satellite, Ahmedabad - IITM",,CPCB,23.023389,72.515201
228301,"IIPHG Lekawada, Gandhinagar - IITM",,CPCB,23.243639,72.68994
228303,"SAC ISRO Bopal, Ahmedabad - IITM",,CPCB,23.041137,72.456691
228352,"Shastripuram, Agra - UPPCB",,CPCB,27.198620000000002,77.92066
228397,"IESD Banaras Hindu University, Varanasi - UPPCB",,CPCB,25.262326,82.995408
228403,"Bhelupur, Varanasi - UPPCB",,CPCB,25.301778,82.996789
228840,"Madan Mohan Malaviya University of Technology, Gorakhpur - UPPCB",,CPCB,26.730136,83.433859
229195,"Maldahiya, Varanasi - UPPCB",,CPCB,25.323929999999997,82.99687
229252,"NSI Kalyanpur, Kanpur - UPPCB",,CPCB,26.509953999999997,80.249612
229404,"Kukrail Picnic Spot-1, Lucknow - UPPCB",,CPCB,26.90723,80.98579000000001
229728,"Kamalnath Nagar, Bettiah - BSPCB",,CPCB,26.80365,84.51954
229729,"Nagla Bhau, Firozabad - UPPCB",,CPCB,27.168896999999998,78.37696
229731,"Gandak Colony, Motihari - BSPCB",,CPCB,26.63086,84.90051
229985,"D M Colony, Bihar Sharif - BSPCB",,CPCB,25.204762,85.51496
229987,"MIT-Daudpur Kothi, Muzaffarpur - BSPCB",,CPCB,26.1403345,85.3650192
233414,"Omex Eternity, Vrindavan - UPPCB",,CPCB,27.571409000000003,77.655757
233415,"Sector 22, Chandigarh - CPCC",,CPCB,30.735567,76.77571400000001
233416,"Nagar Nigam, Prayagraj - UPPCB",,CPCB,25.44919916,81.82735986
234568,"FTI Kidwai Nagar, Kanpur - UPPCB",,CPCB,26.428282,80.327067
234997,"Dharmapuri, Agra - UPPCB",,CPCB,27.169338,78.03582
236406,"Mangala, Bilaspur - CECB",,CPCB,22.08815,82.13736999999999
270697,"Employment Office, Moradabad - UPPCB",,CPCB,28.885279999999998,78.7388
270703,"Dada Peer, Sasaram - BSPCB",,CPCB,24.952822,84.00239599999999
270704,"Town Hall, Munger - BSPCB",,CPCB,25.376776,86.471523
270708,"Civic Center, Bhilai - Bhilai Steel Plant",,CPCB,21.185571,81.343175
270720,"Mirchaibari, Katihar - BSPCB",,CPCB,25.560083,87.553265
270721,"Mayaganj, Bhagalpur - BSPCB",,CPCB,25.265194,87.012947
270723,"DM Office_Kachari Chowk, Bhagalpur - BSPCB",,CPCB,25.251013,86.989001
270724,"Kareemganj, Gaya - BSPCB",,CPCB,24.792403,84.992416
270725,"Mariam Nagar, Purnia - BSPCB",,CPCB,25.765657,87.466829
270726,"Chitragupta Nagar, Siwan - BSPCB",,CPCB,26.2271665,84.35704270000001
270727,"SDM Office_Khagra, Kishanganj - BSPCB",,CPCB,26.0881305,87.93840336
270728,"Police Line, Saharsa - BSPCB",,CPCB,25.892357,86.590325
270729,"Darshan Nagar, Chhapra - BSPCB",,CPCB,25.780825699999998,84.7446768
270730,"Dangi Tola, Rajgir - BSPCB",,CPCB,25.0328,85.41948000000001
270737,"Forest Rest House, Manguraha - BSPCB",,CPCB,27.307773,84.529114
270771,"Buddhi Vihar, Moradabad - UPPCB",,CPCB,28.835259999999998,78.7446
270774,"New DM Office, Arrah - BSPCB",,CPCB,25.5626095,84.663264
270775,"Kharahiya Basti, Araria - BSPCB",,CPCB,26.146529,87.454184
270777,"Jigar Colony, Moradabad - UPPCB",,CPCB,28.856664000000002,78.772638
270877,"Eco Herbal Park, Moradabad - UPPCB",,CPCB,28.840739000000003,78.69753100000001
278159,"Rohta, Agra - UPPCB",,CPCB,27.106972,78.000111
278418,"Sector-53, Chandigarh - CPCC",,CPCB,30.719859000000003,76.738637
278671,"Shivaji Nagar, Jhansi - UPPCB",,CPCB,25.4547,78.6039
301387,"Raikhad, Ahmedabad - IITM",,CPCB,23.020509,72.579261
301388,"Sardar Patel Inter College, Baghpat - UPPCB",,CPCB,28.964949,77.278761
301389,"HIMUDA Complex Phase-1, Baddi - HPPCB",,CPCB,30.943887,76.801991
301390,"Bardowali, Agartala - Tripura SPCB",,CPCB,23.8175497,91.2726974
301391,"DM Office_Kasipur, Samastipur - BSPCB",,CPCB,25.859655,85.77944000000001
301670,"Collector Office, Yadgir - KSPCB",,CPCB,16.7602,77.1428
304956,"Gurdeo Nagar, Aurangabad - BSPCB",,CPCB,24.757460000000002,84.366208
313411,"JN Stadium, Shillong - Meghalaya PCB",,CPCB,25.5803419,91.8942571
317035,"Doon University, Dehradun - UKPCB",,CPCB,30.269444,78.044167
330021,"Vibhab Nagar, Firozabad - UPPCB",,CPCB,27.1594,78.3953
344103,"ECIL Kapra, Hyderabad - TSPCB",,CPCB,17.470431,78.566959
344104,"Kompally Municipal Office, Hyderabad - TSPCB",,CPCB,17.544898999999997,78.486949
344140,"Somajiguda, Hyderabad - TSPCB",,CPCB,17.417094,78.457437
344142,"Nacharam_TSIIC IALA, Hyderabad - TSPCB",,CPCB,17.429398,78.569354
344144,"IITH Kandi, Hyderabad - TSPCB",,CPCB,17.585704999999997,78.126199
346257,"Ramachandrapuram, Hyderabad - TSPCB",,CPCB,17.528544,78.28619499999999
346258,"Kokapet, Hyderabad - TSPCB",,CPCB,17.393559,78.33919399999999
346438,"Rajendra Nagar, Bareilly - UPPCB",,CPCB,28.38910936,79.42963708
346439,"Kalindi Kunj, Khurja - UPPCB",,CPCB,28.234892699999996,77.8683002
352465,"New Malakpet, Hyderabad - TSPCB",,CPCB,17.37206,78.50864
352777,"Kashiram Nagar, Moradabad - UPPCB",,CPCB,28.849399,78.742362
353715,"Transport Nagar, Moradabad - UPPCB",,CPCB,28.802625,78.75372800000001
358448,"Kumaran College, Tirupur - TNPCB",,CPCB,11.0973603,77.3228673
358450,"Bombay Castel, Ooty - TNPCB",,CPCB,11.4068288,76.7138973
358452,"Chalai Bazaar, Ramanathapuram - TNPCB",,CPCB,9.36399,78.831977
358453,"Mendonsa Colony, Dindigul - TNPCB",,CPCB,10.358535,77.984321
358456,"Gulzarpet, Anantapur - APPCB",,CPCB,14.675885999999998,77.593027
358457,"PSG College of Arts and Science, Coimbatore - TNPCB",,CPCB,11.0328,77.0349
358467,"Civil Lines, Bareilly - UPPCB",,CPCB,28.359581,79.414455
358627,"Crescent University, Chengalpattu - TNPCB",,CPCB,12.877731599999999,80.08348070000001
358665,"Ramteerth Nagar, Belgaum - KSPCB",,CPCB,15.888653,74.541751
361378,"Paryavaran Parisar, Bhopal - MPPCB",,CPCB,23.210494,77.425409
363601,"Girls College, Sivasagar - PCBA",,CPCB,26.987634000000003,94.636574
3409309,"Lajpat Nagar, Moradabad - UPPCB",,CPCB,28.825341,78.7213009
3409312,"BWSSB Kadabesanahalli, Bengaluru - CPCB",,CPCB,12.9352049,77.6814488
3409317,"Chauhan Colony, Chandrapur - MPCB",,CPCB,19.9629,79.298714
3409318,"Central School, Lucknow - CPCB",,CPCB,26.8821003,80.9302753
3409319,"Alandur Bus Depot, Chennai - CPCB",,CPCB,12.9099161,80.1076538
3409320,"Rabindra Bharati University, Kolkata - WBPCB",,CPCB,22.627875,88.3804
3409321,Haldia - WBSPCB,,CPCB,22.06047,88.109737
3409322,"Pimpleshwar Mandir, Thane - MPCB",,CPCB,19.192056,72.9585188
3409323,"Worli, Mumbai - MPCB",,CPCB,18.9936162,72.8128113
3409327,"Kunjaban, Agartala - Tripura SPCB",,CPCB,23.8628276,91.2887362
3409328,"Bandra Kurla Complex, Mumbai - IITM",,CPCB,19.0627,72.84614
3409329,"Deonar, Mumbai - IITM",,CPCB,19.04946,72.923
3409330,"Sector-19A Nerul, Navi Mumbai - IITM",,CPCB,19.044,73.0325
3409331,"Bhosari, Pune - IITM",,CPCB,18.640051,73.848956
3409334,"Ashwini Nagar, Haveri - KSPCB",,CPCB,14.7918,75.3896
3409335,"B.Katihalli, Hassan - KSPCB",,CPCB,13.008556,76.125258
3409336,"GIFT City, Gandhinagar - IITM",,CPCB,23.163798,72.677768
3409338,"DRCC Anandpur, Begusarai - BSPCB",,CPCB,25.444266,86.140169
3409339,"Central Jail, Buxar - BSPCB",,CPCB,25.555605,83.950942
3409340,"Zero Point GICI, Gangtok - SSPCB",,CPCB,27.33853,88.614099
3409341,"Manipur University, Imphal - Manipur PCB",,CPCB,24.752423899999997,93.9286218
3409342,"DM College of Science, Imphal - Manipur PCB",,CPCB,24.8207389,93.9423085
3409343,"Keelapalur, Ariyalur - TNPCB",,CPCB,11.06825,79.07033
3409344,"Municipal Corporation Office, Tirunelveli - TNPCB",,CPCB,8.728442,77.6962
3409345,"Parisutham Nagar, Thanjavur - TNPCB",,CPCB,10.7654824,79.1389968
3409346,"Semmandalam, Cuddalore - TNPCB",,CPCB,11.7637683,79.7499835
3409347,"SIPCOT Phase-1, Hosur - TNPCB",,CPCB,12.746998,77.813811
3409348,"Uchapatti, Madurai - TNPCB",,CPCB,9.865935,78.022669
3409349,"Vasanthapuram, Vellore - TNPCB",,CPCB,12.909494,79.131861
3409350,"Velippalayam, Nagapattinam - TNPCB",,CPCB,10.798548,79.838212
3409351,"VOC Nagar_SIPCOT, Ranipet - TNPCB",,CPCB,12.952707,79.30394
3409353,"Kilambi, Kanchipuram - TNPCB",,CPCB,12.864618,79.659968
3409354,"Kudikadu, Cuddalore - TNPCB",,CPCB,11.6829898,79.7532099
3409355,"Sona College of Technology, Salem - TNPCB",,CPCB,11.679111,78.125052
3409356,"Bharathidasan University, Palkalaiperur - TNPCB",,CPCB,10.681158,78.74174599999999
3409357,"Kamadenu Nagar, Karur - TNPCB",,CPCB,10.96782,78.080882
3409358,"St Joseph College, Tiruchirappalli - TNPCB",,CPCB,10.830158,78.691849
3409359,"Kalabhavan, Dharwad - KSPCB",,CPCB,15.459706,75.008381
3409360,"IITG, Guwahati - PCBA",,CPCB,26.202863600000004,91.70046436
3409361,"AIIMS, Raipur - CECB",,CPCB,21.258815,81.578979
3409362,"Siltara Phase-II, Raipur - CECB",,CPCB,21.371751,81.664929
3409363,"Krishak Nagar, Raipur - CECB",,CPCB,21.237755,81.705301
3409364,"Bhatagaon New ISBT, Raipur - CECB",,CPCB,21.219665,81.630094
3409365,"Rampur, Korba - CECB",,CPCB,22.368195,82.746431
3409366,"Urja Nagar, Korba - CECB",,CPCB,22.348441,82.549611
3409367,"Hathkhoj, Bhilai - CECB",,CPCB,21.224231,81.40835
3409368,"32Bungalows, Bhilai - CECB",,CPCB,21.194815,81.31477
3409369,"Maharaj Bada, Gwalior - MPPCB",,CPCB,26.200388,78.14771400000001
3409370,"Civil Lines, Sagar - MPPCB",,CPCB,23.838586,78.759431
3409371,"Science Center, Surat - SMC",,CPCB,21.170046,72.795405
3409372,"Gangineni Cheruvu, Chittoor - APPCB",,CPCB,13.20488,79.097889
3409373,"Vaikuntapuram, Tirupathi - APPCB",,CPCB,13.615387,79.40923000000001
3409374,"Deen Dayal Nagar, Gwalior - MPPCB",,CPCB,26.259241999999997,78.216432
3409375,"Bata Chowk, Nalbari - PCBA",,CPCB,26.446912,91.43905699999999
3409376,"Central Academy for SFS, Byrnihat - PCBA",,CPCB,26.071317999999998,91.87488
3409377,"Meher Colony, Baripada - OSPCB",,CPCB,21.941841,86.728318
3409378,"Jagamohanpur, Keonjhar - OSPCB",,CPCB,21.6439,85.599355
3409379,"Divisional Forest Office, Rairangpur - OSPCB",,CPCB,22.265816,86.174829
3409380,"Tata Township, Bileipada - OSPCB",,CPCB,22.06156703,85.47409613
3409381,"Dabuna, Nayagarh - OSPCB",,CPCB,21.847279,85.416905
3409382,"Raghunathpali, Rourkela - OSPCB",,CPCB,22.220833,84.809444
3409383,"OMC Colony, Suakati - OSPCB",,CPCB,21.606865,85.510538
3409384,"Barsua Iron Ore Mines, Tensa - OSPCB",,CPCB,21.869985,85.167016
3409385,"RVCE-Mailasandra, Bengaluru - KSPCB",,CPCB,12.921418,77.502466
3409386,"Mahatma Basaveswar Colony, Kalaburgi - KSPCB",,CPCB,17.336318,76.847397
3409387,"Lingaraj Nagar, Hubballi - KSPCB",,CPCB,15.3714823,75.1160168
3409388,"Kasturi Nagar, Bengaluru - KSPCB",,CPCB,13.003872,77.664217
3409389,"Thimmalapura, Tumakuru - KSPCB",,CPCB,13.377516,77.09907199999999
3409390,"LGBI Airport, Guwahati - PCBA",,CPCB,26.10887,91.58954399999999
3409391,"Tarapur, Silchar - PCBA",,CPCB,24.82827,92.79525
3409392,"Kanuru, Vijayawada - APPCB",,CPCB,16.486692,80.69943599999999
3409393,"Shivapura_Peenya, Bengaluru - KSPCB",,CPCB,13.0246342,77.5080115
3409394,"Fertilizer Township, Rourkela - OSPCB",,CPCB,22.18972222,84.86277778
3409395,"Sector-2, Rourkela - OSPCB",,CPCB,22.245,84.88111111
3409396,"Nawapara SECL Colony, Chhal - CECB",,CPCB,22.118125,83.140608
3409397,"OP Jindal School, Kunjemura - CECB",,CPCB,22.12665,83.483212
3409398,"Govt. Higher Secondary School, Milupara - CECB",,CPCB,22.191017199999997,83.5197009
3409399,"OP Jindal Industrial Park, Tumidih - CECB",,CPCB,22.06631475,83.33820077
3409400,"Yerramukkapalli, Kadapa - APPCB",,CPCB,14.465051999999998,78.824187
3409401,"Samrat Ashok Udhyan, Jodhpur - RSPCB",,CPCB,26.253384000000004,72.97657099999999
3409402,"Krishna Nagar, Bharatpur - RSPCB",,CPCB,27.215415000000004,77.50873
3409403,"MM Ground, Bikaner - RSPCB",,CPCB,28.018791999999998,73.29265799999999
3409404,"Subash Chowk, Churu - RSPCB",,CPCB,28.296139,74.96169599999999
3409405,"Raja Ganj, Dholpur - RSPCB",,CPCB,26.699557000000002,77.898881
3409406,"Nayapura, Kota - RSPCB",,CPCB,25.196023999999998,75.85566800000001
3409407,"Shastri Nagar, Tonk - RSPCB",,CPCB,26.159933,75.780517
3409408,"Shivaji Nagar, Rishikesh - UKPCB",,CPCB,30.075910999999998,78.2859547
3409409,"Govt. Girls Inter College, Kashipur - UKPCB",,CPCB,29.2124114,78.96117530000001
3409410,"Vedhaynath Colony, Sirohi - RSPCB",,CPCB,24.885261,72.857549
3409411,"Christianpatty, Nagaon - PCBA",,CPCB,26.349082,92.68449
3409412,"Dhanmandi, Kota - RSPCB",,CPCB,25.164089999999998,75.858137
3409413,"Idgah Hills, Bhopal - MPPCB",,CPCB,23.264758999999998,77.381568
3409414,"Vijay Nagar Scheme-78, Indore - Glenmark",,CPCB,22.76726,75.8871
3409415,"Sardar Patel Nagar, Dhanbad - JSPCB",,CPCB,23.80569,86.44268000000001
3409416,"Rati Talai, Banswara - RSPCB",,CPCB,23.55519,74.44001
3409417,"Shastri Nagar, Chittorgarh - RSPCB",,CPCB,24.892047,74.623527
3409418,"Khatikan Mohalla, Dausa - RSPCB",,CPCB,26.895552000000002,76.334753
3409419,"Railway Colony, Barmer - RSPCB",,CPCB,25.747298999999998,71.393989
3409420,"Housing Board, Hanumangarh - RSPCB",,CPCB,29.61075,74.283608
3409421,"Sahu Nagar, Sawai Madhopur - RSPCB",,CPCB,26.031443,76.35932700000001
3409422,"Indra Nagar, Jhunjhunu - RSPCB",,CPCB,28.108988,75.386577
3409423,"Dhoinda, Rajsamand - RSPCB",,CPCB,25.036360000000002,73.88350200000001
3409424,"Old City, Sri Ganganagar - RSPCB",,CPCB,29.931624,73.864511
3409425,"Jhalamand, Jodhpur - RSPCB",,CPCB,26.215415000000004,73.07015600000001
3409426,"Pragati Nagar, Pratapgarh - RSPCB",,CPCB,24.041198,74.780702
3409427,"Radhakishan Pura, Sikar - RSPCB",,CPCB,27.608912,75.153302
3409428,"Satyawati Vihar, Karauli - RSPCB",,CPCB,26.506177,77.025989
3409429,"Rajlaxmi Nagar, Jhalawar - RSPCB",,CPCB,24.588397,76.172782
3409430,"Mansarovar Sector-12, Jaipur - RSPCB",,CPCB,26.843698,75.766894
3409431,"Digari Kalan, Jodhpur - RSPCB",,CPCB,26.295809999999996,73.08228299999999
3409432,"Sector-2 Murlipura, Jaipur - RSPCB",,CPCB,26.960669,75.771817
3409433,"RIICO Sitapura, Jaipur - RSPCB",,CPCB,26.786682,75.827928
3409434,"Jigani, Bengaluru - KSPCB",,CPCB,12.7816279,77.6299145
3409435,"Gavalinagar, Pimpri Chinchwad - MPCB",,CPCB,18.63673,73.82487
3409436,"Park Street Wakad, Pimpri Chinchwad - MPCB",,CPCB,18.59051,73.77946
3409437,"Thergaon, Pimpri Chinchwad - MPCB",,CPCB,18.616318,73.765797
3409438,"Katraj Dairy, Pune - MPCB",,CPCB,18.45445,73.854155
3409439,"Savitribai Phule Pune University, Pune - MPCB",,CPCB,18.547056,73.826908
3409440,"Shivaji University, Kolhapur - MPCB",,CPCB,16.6870449,74.2505872
3409441,"Sinchan Bhavan, Kolhapur - MPCB",,CPCB,16.7143745,74.2426398
3409442,"Pratap Nagar, Bhilwara - RSPCB",,CPCB,25.339605,74.618883
3409443,"New Colony, Bundi - RSPCB",,CPCB,25.435774,75.644272
3409444,"Sadar Bazar, Jaisalmer - RSPCB",,CPCB,26.912329,70.909168
3409445,"Mandor, Jodhpur - RSPCB",,CPCB,26.358805,73.047444
3409446,"Vijay Nagar, Sangli - MPCB",,CPCB,16.843813,74.615091
3409447,"Bamboliya, Baran - RSPCB",,CPCB,25.106006,76.469948
3409448,"Ratandeep Housing Society, Solapur - MPCB",,CPCB,17.65439,75.90649
3409449,"Dnyaneshwar Nagar, Solapur - MPCB",,CPCB,17.6336264,75.9132495
3409450,"Karni Colony, Nagaur - RSPCB",,CPCB,27.213494,73.734444
3409451,"Pandav Nagari, Nashik - MPCB",,CPCB,19.9591346,73.7788008
3409452,"Sawe Wadi, Latur - MPCB",,CPCB,18.39963,76.57452
3409453,"MIDC Ambad, Nashik - MPCB",,CPCB,19.95022,73.73148
3409454,"Hirawadi, Nashik - MPCB",,CPCB,20.021503,73.813844
3409455,"Kamble Tarf Birwadi, Mahad - MPCB",,CPCB,18.1023399,73.4783687
3409456,"Ramdaspeth, Akola - MPCB",,CPCB,20.719516,77.000253
3409457,"Tarakpur, Ahmednagar - MPCB",,CPCB,19.10122,74.73339
3409458,"Shivneri Colony, Amravati - MPCB",,CPCB,20.9402359,77.7895248
3409459,"Shri Shivaji Science College, Amaravati - MPCB",,CPCB,20.939198,77.765701
3409460,"MIDC Chilkalthana, Aurangabad - MPCB",,CPCB,19.87562,75.38731
3409461,"Rachnakar Colony, Aurangabad - MPCB",,CPCB,19.863756,75.321188
3409462,"Prabhat Colony, Jalgaon - MPCB",,CPCB,21.001264,75.565602
3409463,"Old MIDC, Jalna - MPCB",,CPCB,19.854616,75.905894
3409464,"Ambazari, Nagpur - MPCB",,CPCB,21.121801,79.04952
3409465,"Ram Nagar, Nagpur - MPCB",,CPCB,21.143383,79.048912
3409466,"Masoom Colony, Parbhani - MPCB",,CPCB,19.265594,76.761463
3409467,"Sneh Nagar, Nanded - MPCB",,CPCB,19.173852,77.296291
3409468,"Mahal, Nagpur - MPCB",,CPCB,21.14472,79.107595
3409469,"Kasarvadavali, Thane - MPCB",,CPCB,19.26777,72.97182
3409470,"Katrap, Badlapur - MPCB",,CPCB,19.16485,73.23409
3409471,"Sector-2E Kalamboli, Navi Mumbai - MPCB",,CPCB,19.02579,73.10297
3409472,"Upvan Fort, Thane - MPCB",,CPCB,19.222279,72.957979
3409473,"Deopur, Dhule - MPCB",,CPCB,20.918946,74.776388
3409474,"Mahesh Nagar, Malegaon - MPCB",,CPCB,20.555712,74.529236
3409475,"Tondare-Taloja, Navi Mumbai - MPCB",,CPCB,19.063,73.1209
3409476,"CBD Belapur, Belapur - MPCB",,CPCB,19.0243902,73.0406721
3409477,"Kopripada-Vashi, Navi Mumbai - MPCB",,CPCB,19.090337,73.014232
3409478,"Bhayandar West, Mira-Bhayandar - MPCB",,CPCB,19.296481,72.840923
3409479,"Mindspace-Malad West, Mumbai - MPCB",,CPCB,19.1878657,72.8304069
3409480,"Bolinj, Virar - MPCB",,CPCB,19.445821,72.7988231
3409481,"Khaira, Boisar - MPCB",,CPCB,19.786089,72.757971
3409482,"Bandra Kurla Complex, Mumbai - MPCB",,CPCB,19.065931,72.862131
3409483,"Chembur, Mumbai - MPCB",,CPCB,19.0364585,72.8954371
3409484,"Sidhi Vinayak Nagar, Ulhasnagar - MPCB",,CPCB,19.235581,73.159121
3409485,"Gokul Nagar, Bhiwandi - MPCB",,CPCB,19.309073,73.057223
3409486,"Kherwadi_Bandra East, Mumbai - MPCB",,CPCB,19.0632143,72.8456324
3409487,"Sanpada, Navi Mumbai - MPCB",,CPCB,19.0575752,73.0151367
3409488,"Suhagi, Jabalpur - JMC",,CPCB,23.218135,79.95777
3409489,"Gupteshwar, Jabalpur - JMC",,CPCB,23.142888,79.916147
3409492,"HB Colony, Vijayawada - APPCB",,CPCB,16.536107,80.594233
3409493,"Rajiv Gandhi Park, Vijayawada - APPCB",,CPCB,16.509717,80.612222
3409494,"Bhoiwada, Dungarpur - RSPCB",,CPCB,23.837789,73.714926
3409495,"Mudtra Sili, Jalore - RSPCB",,CPCB,25.344694,72.626208
3409496,"New Moti Bagh, Delhi - MHUA",,CPCB,28.57834,77.184
3409497,"KHB Colony, Karwar - KSPCB",,CPCB,14.816666,74.141003
3409498,"Residency Area, Indore - IMC",,CPCB,22.7084,75.8815
3409499,"Regional Park, Indore - MPPCB",,CPCB,22.678,75.8559
3409500,"Maguda Nagar, Indore - IMC",,CPCB,22.7524,75.8872
3409501,"Airport Area, Indore - IMC",,CPCB,22.7289,75.8076
3409502,"Kalidaspur, Balasore - OSPCB",,CPCB,21.51161,86.89088
3409503,"Forest Office, Barbil - OSPCB",,CPCB,22.1166054,85.3945546
3409504,"Hakimapada, Angul - OSPCB",,CPCB,20.832874,85.104082
3409505,"Lingraj Mandir, Bhubaneswar - OSPCB",,CPCB,20.24079,85.836784
3409506,"CDA Area, Cuttack - OSPCB",,CPCB,20.48891,85.84768
3409507,"Ferro Chrome Colony, Byasanagar - OSPCB",,CPCB,20.94185,86.1151
3409508,"Patia, Bhubaneswar - OSPCB",,CPCB,20.34652,85.8163
3409509,"SVSPA Campus, Barrackpore - WBPCB",,CPCB,22.7605581,88.3617589
3409510,"Byculla, Mumbai - BMC",,CPCB,18.9767,72.838
3409511,"Shivaji Nagar, Mumbai - BMC",,CPCB,19.060498,72.923356
3409512,"Kandivali West, Mumbai - BMC",,CPCB,19.215859,72.831718
3409513,"Sewri, Mumbai - BMC",,CPCB,19.000084,72.85673
3409514,"Ghatkopar, Mumbai - BMC",,CPCB,19.083694,72.920967
3409515,"Govindh Bhavan Colony, Jabalpur - MPPCB",,CPCB,23.163174,79.973061
3409516,"SIPCOT Nathampannai, Pudukottai - TNPCB",,CPCB,10.423417,78.784889
3409517,"Collectorate Office, Virudhunagar - TNPCB",,CPCB,9.559382,77.948828
3409518,"Rajiv Nagar, Vijayawada - APPCB",,CPCB,16.554731,80.64911
3409519,"Vasundhara Nagar_UIT, Bhiwadi - RSPCB",,CPCB,28.207266,76.829265
3409520,"PCBL Residential Complex, Durgapur - WBPCB",,CPCB,23.508764,87.35444
3409521,"Evelyn Lodge, Asansol - WBPCB",,CPCB,23.697936,86.944395
3409522,"Mahabir Colliery, Asansol - WBPCB",,CPCB,23.618183,87.105718
3409523,"Bhumkar Nagar, Pune - IITM",,CPCB,18.60577,73.749976
3409524,"Botanical Garden, Howrah - WBPCB",,CPCB,22.554954,88.292568
3409525,"Trivenidevi Bhalotia College, Asansol - WBPCB",,CPCB,23.616515,87.119133
3409526,"Panchawati_Pashan, Pune - IITM",,CPCB,18.536457,73.805454
3409527,"SIPCOT Industrial Park, Perundurai - TNPCB",,CPCB,11.258242,77.552761
3409528,"Savta Mali Nagar, Pimpri-Chinchwad - IITM",,CPCB,18.614767,73.799516
3409529,"Mahishkapur Road_B-Zone, Durgapur - WBPCB",,CPCB,23.567923,87.306843
3409530,"Dasnagar, Howrah - WBPCB",,CPCB,22.6025571,88.3105664
